Datetime,Close,High,Low,Open,Volume
2025-05-29 09:30:00-04:00,201.34500122070312,203.77999877929688,201.0,203.27000427246094,9688059
2025-05-29 10:00:00-04:00,201.13999938964844,201.6645050048828,200.75999450683594,201.3300018310547,3581354
2025-05-29 10:30:00-04:00,201.4600067138672,201.64999389648438,200.8699951171875,201.11000061035156,2492627
2025-05-29 11:00:00-04:00,200.74000549316406,201.48989868164062,200.5500030517578,201.4499969482422,2473048
2025-05-29 11:30:00-04:00,198.86500549316406,200.8000030517578,198.6999969482422,200.74000549316406,3481111
2025-05-29 12:00:00-04:00,199.4199981689453,199.75,198.50999450683594,198.8300018310547,2655909
2025-05-29 12:30:00-04:00,200.10009765625,200.2050018310547,199.39999389648438,199.39999389648438,1864506
2025-05-29 13:00:00-04:00,199.97500610351562,200.44960021972656,199.9199981689453,200.08999633789062,2070636
2025-05-29 13:30:00-04:00,199.2100067138672,200.1699981689453,199.05999755859375,199.9600067138672,2005707
2025-05-29 14:00:00-04:00,199.0399932861328,199.77000427246094,199.0399932861328,199.2050018310547,1857573
2025-05-29 14:30:00-04:00,198.9250030517578,199.57000732421875,198.77000427246094,199.0399932861328,2077056
2025-05-29 15:00:00-04:00,199.13929748535156,199.44500732421875,198.57000732421875,198.9149932861328,2773758
2025-05-29 15:30:00-04:00,199.9499969482422,200.2480010986328,199.0800018310547,199.125,5888522
2025-05-30 09:30:00-04:00,198.24769592285156,199.57000732421875,197.97000122070312,199.40499877929688,6177370
2025-05-30 10:00:00-04:00,199.24000549316406,199.34300231933594,198.156005859375,198.22000122070312,2767698
2025-05-30 10:30:00-04:00,199.03500366210938,199.48500061035156,198.89999389648438,199.22999572753906,1912579
2025-05-30 11:00:00-04:00,199.30999755859375,199.44000244140625,198.80999755859375,199.0500030517578,1389966
2025-05-30 11:30:00-04:00,198.8800048828125,199.3699951171875,198.610107421875,199.3000030517578,1470149
2025-05-30 12:00:00-04:00,197.71499633789062,198.99000549316406,197.55039978027344,198.8800048828125,2168346
2025-05-30 12:30:00-04:00,197.35670471191406,197.78500366210938,196.77999877929688,197.72000122070312,3194939
2025-05-30 13:00:00-04:00,198.0850067138672,198.1699981689453,197.1699981689453,197.33999633789062,1910902
2025-05-30 13:30:00-04:00,198.21499633789062,198.47000122070312,197.9499969482422,198.0800018310547,1386417
2025-05-30 14:00:00-04:00,199.1199951171875,199.17999267578125,198.17999267578125,198.22000122070312,1802391
2025-05-30 14:30:00-04:00,199.32000732421875,199.36000061035156,198.9199981689453,199.1199951171875,1967953
2025-05-30 15:00:00-04:00,200.05059814453125,200.22999572753906,199.2888946533203,199.30999755859375,2685785
2025-05-30 15:30:00-04:00,200.66000366210938,201.9499969482422,199.74009704589844,200.07000732421875,12325548
2025-06-02 09:30:00-04:00,201.11000061035156,202.1300048828125,200.52999877929688,201.625,6015236
2025-06-02 10:00:00-04:00,200.52999877929688,201.1300048828125,200.1199951171875,201.05999755859375,2851671
2025-06-02 10:30:00-04:00,201.43499755859375,201.48719787597656,200.35000610351562,200.52000427246094,2443652
2025-06-02 11:00:00-04:00,200.7100067138672,201.99000549316406,200.6269989013672,201.42999267578125,2442670
2025-06-02 11:30:00-04:00,201.0050048828125,201.10000610351562,200.3000030517578,200.72000122070312,1786527
2025-06-02 12:00:00-04:00,201.02999877929688,201.1186981201172,200.71499633789062,201.0142059326172,1361338
2025-06-02 12:30:00-04:00,200.89349365234375,201.16799926757812,200.57000732421875,201.02999877929688,1088555
2025-06-02 13:00:00-04:00,200.860107421875,201.1199951171875,200.86000061035156,200.89500427246094,1138911
2025-06-02 13:30:00-04:00,200.89999389648438,201.00360107421875,200.58009338378906,200.86000061035156,1194920
2025-06-02 14:00:00-04:00,201.45399475097656,201.52999877929688,200.6300048828125,200.89999389648438,1609839
2025-06-02 14:30:00-04:00,201.26499938964844,201.52999877929688,201.1750030517578,201.4499969482422,1159472
2025-06-02 15:00:00-04:00,201.66000366210938,201.7799072265625,201.13999938964844,201.27000427246094,1646127
2025-06-02 15:30:00-04:00,201.8000030517578,201.80990600585938,201.3000030517578,201.64999389648438,3972829
2025-06-03 09:30:00-04:00,202.5500030517578,202.85000610351562,200.9550018310547,202.13499450683594,7137512
2025-06-03 10:00:00-04:00,201.74000549316406,203.24000549316406,201.61000061035156,202.55999755859375,3168246
2025-06-03 10:30:00-04:00,202.05499267578125,202.14999389648438,201.52020263671875,201.74000549316406,2410039
2025-06-03 11:00:00-04:00,202.5,202.69000244140625,202.05999755859375,202.05999755859375,2338248
2025-06-03 11:30:00-04:00,202.9199981689453,202.97000122070312,202.05999755859375,202.52000427246094,1807458
2025-06-03 12:00:00-04:00,203.05499267578125,203.33999633789062,202.58999633789062,202.92999267578125,2410517
2025-06-03 12:30:00-04:00,203.14999389648438,203.74000549316406,203.00999450683594,203.05999755859375,2107453
2025-06-03 13:00:00-04:00,203.31460571289062,203.39999389648438,202.72000122070312,203.14999389648438,1713118
2025-06-03 13:30:00-04:00,203.21499633789062,203.77000427246094,203.1699981689453,203.3350067138672,1703981
2025-06-03 14:00:00-04:00,203.09170532226562,203.27000427246094,202.5,203.22999572753906,1635527
2025-06-03 14:30:00-04:00,203.39999389648438,203.41000366210938,203.0800018310547,203.0800018310547,1261045
2025-06-03 15:00:00-04:00,203.17999267578125,203.4398956298828,202.99000549316406,203.39500427246094,1730185
2025-06-03 15:30:00-04:00,203.33999633789062,203.4698944091797,202.97999572753906,203.17999267578125,4035108
2025-06-04 09:30:00-04:00,205.03489685058594,205.36000061035156,202.6508026123047,203.4499969482422,7544474
2025-06-04 10:00:00-04:00,205.13999938964844,206.24000549316406,204.6199951171875,205.05999755859375,5069599
2025-06-04 10:30:00-04:00,204.27999877929688,205.17999267578125,203.99009704589844,205.1199951171875,2248809
2025-06-04 11:00:00-04:00,204.08999633789062,204.7100067138672,204.08999633789062,204.31500244140625,2190336
2025-06-04 11:30:00-04:00,203.36000061035156,204.60000610351562,202.14999389648438,204.08999633789062,5244272
2025-06-04 12:00:00-04:00,202.8300018310547,203.38999938964844,202.82000732421875,203.35000610351562,1885903
2025-06-04 12:30:00-04:00,203.1999969482422,203.27000427246094,202.61500549316406,202.82000732421875,1269769
2025-06-04 13:00:00-04:00,203.4149932861328,203.58999633789062,203.1999969482422,203.22999572753906,1369453
2025-06-04 13:30:00-04:00,203.2899932861328,203.47000122070312,202.85000610351562,203.41200256347656,1419954
2025-06-04 14:00:00-04:00,203.1199951171875,203.4499969482422,203.0800018310547,203.2899932861328,1189636
2025-06-04 14:30:00-04:00,202.93499755859375,203.1300048828125,202.75999450683594,203.11000061035156,1367298
2025-06-04 15:00:00-04:00,203.19000244140625,203.25,202.8699951171875,202.92999267578125,1746875
2025-06-04 15:30:00-04:00,202.88699340820312,203.44769287109375,202.75999450683594,203.19000244140625,3543324
2025-06-05 09:30:00-04:00,201.57000732421875,203.83999633789062,201.27000427246094,203.59500122070312,6158597
2025-06-05 10:00:00-04:00,202.4499969482422,202.53379821777344,201.35000610351562,201.55999755859375,3597771
2025-06-05 10:30:00-04:00,203.1999969482422,203.3300018310547,201.6772003173828,202.4499969482422,3698007
2025-06-05 11:00:00-04:00,204.54379272460938,204.58999633789062,203.05999755859375,203.1999969482422,2933513
2025-06-05 11:30:00-04:00,204.1649932861328,204.75,203.87109375,204.53500366210938,2526432
2025-06-05 12:00:00-04:00,203.13999938964844,204.38999938964844,202.47999572753906,204.1649932861328,2258603
2025-06-05 12:30:00-04:00,201.8437042236328,203.25,201.69639587402344,203.13999938964844,2006791
2025-06-05 13:00:00-04:00,202.60009765625,202.6699981689453,201.5500030517578,201.8350067138672,1942144
2025-06-05 13:30:00-04:00,202.35000610351562,202.89999389648438,202.25,202.60000610351562,1295368
2025-06-05 14:00:00-04:00,202.2104034423828,202.41000366210938,201.14999389648438,202.3699951171875,1850518
2025-06-05 14:30:00-04:00,202.35000610351562,202.72000122070312,202.05999755859375,202.2100067138672,1539312
2025-06-05 15:00:00-04:00,200.72999572753906,202.41000366210938,200.1999969482422,202.33999633789062,3286083
2025-06-05 15:30:00-04:00,200.5500030517578,201.77000427246094,200.15960693359375,200.74000549316406,6191418
2025-06-06 09:30:00-04:00,204.5399932861328,205.6999969482422,202.98309326171875,202.9949951171875,8220241
2025-06-06 10:00:00-04:00,203.66000366210938,204.74459838867188,203.3300018310547,204.57000732421875,2886081
2025-06-06 10:30:00-04:00,203.14999389648438,203.9199981689453,203.1199951171875,203.5399932861328,2369718
2025-06-06 11:00:00-04:00,203.0399932861328,204.05999755859375,202.860107421875,203.13999938964844,2643436
2025-06-06 11:30:00-04:00,203.0449981689453,203.60000610351562,202.8699951171875,203.02000427246094,1578971
2025-06-06 12:00:00-04:00,202.625,203.18080139160156,202.61000061035156,203.0500030517578,1626143
2025-06-06 12:30:00-04:00,202.69500732421875,202.77569580078125,202.0500030517578,202.66220092773438,2629443
2025-06-06 13:00:00-04:00,203.58999633789062,203.77999877929688,202.61000061035156,202.69000244140625,1777369
2025-06-06 13:30:00-04:00,204.05499267578125,204.14999389648438,203.58999633789062,203.60000610351562,1549229
2025-06-06 14:00:00-04:00,204.98500061035156,205.2100067138672,204.04010009765625,204.05999755859375,2607774
2025-06-06 14:30:00-04:00,205.26499938964844,205.47000122070312,204.99000549316406,204.99000549316406,2001678
2025-06-06 15:00:00-04:00,204.6999969482422,205.3000030517578,204.68499755859375,205.19900512695312,2252181
2025-06-06 15:30:00-04:00,203.92999267578125,205.22000122070312,203.89500427246094,204.69000244140625,5842274
2025-06-09 09:30:00-04:00,204.8300018310547,205.5500030517578,203.97999572753906,204.39999389648438,6696371
2025-06-09 10:00:00-04:00,205.32000732421875,206.0,204.6699981689453,204.85000610351562,3508231
2025-06-09 10:30:00-04:00,204.72000122070312,205.74000549316406,204.52999877929688,205.3000030517578,2808657
2025-06-09 11:00:00-04:00,204.52999877929688,204.94000244140625,204.50999450683594,204.72000122070312,1837875
2025-06-09 11:30:00-04:00,204.4600067138672,204.64999389648438,204.26119995117188,204.5301055908203,1756335
2025-06-09 12:00:00-04:00,203.92880249023438,204.91000366210938,203.72999572753906,204.47999572753906,2904197
2025-06-09 12:30:00-04:00,204.6999969482422,204.80999755859375,203.88999938964844,203.92999267578125,2261439
2025-06-09 13:00:00-04:00,200.72000122070312,205.29989624023438,200.02000427246094,204.7100067138672,12688085
2025-06-09 13:30:00-04:00,202.46499633789062,202.57000732421875,200.02999877929688,200.7100067138672,8350808
2025-06-09 14:00:00-04:00,201.4600067138672,202.66769409179688,201.27000427246094,202.4499969482422,4702717
2025-06-09 14:30:00-04:00,201.52000427246094,201.6999969482422,200.6300048828125,201.42999267578125,5386532
2025-06-09 15:00:00-04:00,201.25,201.5800018310547,200.83999633789062,201.53990173339844,3233818
2025-06-09 15:30:00-04:00,201.44000244140625,202.35499572753906,200.88999938964844,201.2100067138672,7398849
2025-06-10 09:30:00-04:00,202.1999969482422,203.14999389648438,200.57000732421875,200.60000610351562,9194250
2025-06-10 10:00:00-04:00,202.8699951171875,203.35690307617188,202.17999267578125,202.1999969482422,4006442
2025-06-10 10:30:00-04:00,204.1199951171875,204.35000610351562,202.72999572753906,202.86000061035156,3691607
2025-06-10 11:00:00-04:00,203.31500244140625,204.23199462890625,203.1999969482422,204.11000061035156,2933390
2025-06-10 11:30:00-04:00,202.9199981689453,203.32000732421875,202.3000946044922,203.32000732421875,2224996
2025-06-10 12:00:00-04:00,202.53880310058594,203.14999389648438,202.39999389648438,202.92999267578125,2069138
2025-06-10 12:30:00-04:00,202.5850067138672,202.76300048828125,202.07040405273438,202.52999877929688,1701436
2025-06-10 13:00:00-04:00,201.75999450683594,202.64500427246094,201.75,202.5850067138672,2461786
2025-06-10 13:30:00-04:00,201.75,202.02999877929688,201.30999755859375,201.77499389648438,2857000
2025-06-10 14:00:00-04:00,201.6999969482422,202.10000610351562,201.36000061035156,201.75030517578125,2269577
2025-06-10 14:30:00-04:00,202.66000366210938,203.07350158691406,201.60000610351562,201.69000244140625,2420984
2025-06-10 15:00:00-04:00,202.82000732421875,203.22500610351562,202.64999389648438,202.69000244140625,2534824
2025-06-10 15:30:00-04:00,202.75,202.97500610351562,202.3300018310547,202.82110595703125,4081286
2025-06-11 09:30:00-04:00,202.7801055908203,204.5,202.5,203.47000122070312,6969169
2025-06-11 10:00:00-04:00,202.76010131835938,203.02999877929688,202.3300018310547,202.8000030517578,3417800
2025-06-11 10:30:00-04:00,202.1898956298828,202.77000427246094,201.91000366210938,202.75999450683594,3097791
2025-06-11 11:00:00-04:00,200.94000244140625,202.18479919433594,200.91000366210938,202.125,4135513
2025-06-11 11:30:00-04:00,200.74000549316406,201.1699981689453,200.6199951171875,200.89500427246094,3281855
2025-06-11 12:00:00-04:00,200.2071075439453,200.75999450683594,199.65960693359375,200.72999572753906,6950431
2025-06-11 12:30:00-04:00,200.66000366210938,200.83999633789062,200.18499755859375,200.19070434570312,3717877
2025-06-11 13:00:00-04:00,200.91000366210938,201.2364959716797,200.55999755859375,200.64999389648438,2111382
2025-06-11 13:30:00-04:00,199.90499877929688,200.98500061035156,199.80999755859375,200.90499877929688,2625217
2025-06-11 14:00:00-04:00,199.23919677734375,200.0,198.7100067138672,199.91000366210938,3703096
2025-06-11 14:30:00-04:00,199.06520080566406,199.60000610351562,198.76499938964844,199.22000122070312,3075321
2025-06-11 15:00:00-04:00,198.97999572753906,199.36109924316406,198.6199951171875,199.0800018310547,3433992
2025-06-11 15:30:00-04:00,198.85000610351562,199.125,198.41000366210938,198.9499969482422,6085149
2025-06-12 09:30:00-04:00,197.94000244140625,199.38999938964844,197.73959350585938,199.0800018310547,6815871
2025-06-12 10:00:00-04:00,198.0666961669922,198.77999877929688,197.360107421875,197.9250030517578,3772446
2025-06-12 10:30:00-04:00,198.27879333496094,198.5800018310547,198.00999450683594,198.0800018310547,2362816
2025-06-12 11:00:00-04:00,198.14999389648438,198.9250030517578,197.86270141601562,198.25999450683594,2961742
2025-06-12 11:30:00-04:00,198.3000030517578,198.3278045654297,197.7550048828125,198.13369750976562,1985602
2025-06-12 12:00:00-04:00,198.58999633789062,198.63999938964844,198.0800018310547,198.30979919433594,1781669
2025-06-12 12:30:00-04:00,198.5625,198.97000122070312,198.2100067138672,198.5800018310547,1983691
2025-06-12 13:00:00-04:00,199.25999450683594,199.44000244140625,198.4600067138672,198.57000732421875,2196851
2025-06-12 13:30:00-04:00,198.94039916992188,199.67990112304688,198.94039916992188,199.25999450683594,1606822
2025-06-12 14:00:00-04:00,198.75,199.19000244140625,198.6696014404297,198.9600067138672,1720923
2025-06-12 14:30:00-04:00,198.98500061035156,199.02999877929688,198.5449981689453,198.75999450683594,1717527
2025-06-12 15:00:00-04:00,198.88499450683594,199.0500030517578,198.82989501953125,198.9949951171875,1346951
2025-06-12 15:30:00-04:00,199.1999969482422,199.1999969482422,198.39999389648438,198.8800048828125,3810648
2025-06-13 09:30:00-04:00,196.89999389648438,200.3699951171875,196.75999450683594,199.50999450683594,10139833
2025-06-13 10:00:00-04:00,196.15499877929688,197.3972930908203,195.91000366210938,196.9499969482422,4698485
2025-06-13 10:30:00-04:00,197.11000061035156,197.19979858398438,195.97999572753906,196.13999938964844,3468069
2025-06-13 11:00:00-04:00,197.50999450683594,197.63999938964844,196.97999572753906,197.11000061035156,2402001
2025-06-13 11:30:00-04:00,197.6887969970703,197.8800048828125,197.2100067138672,197.52000427246094,1974822
2025-06-13 12:00:00-04:00,197.27000427246094,198.04750061035156,197.22000122070312,197.67999267578125,2103199
2025-06-13 12:30:00-04:00,197.4600067138672,197.57000732421875,197.0800018310547,197.2899932861328,1907377
2025-06-13 13:00:00-04:00,197.27000427246094,197.52999877929688,196.9199981689453,197.42999267578125,1703748
2025-06-13 13:30:00-04:00,197.5399932861328,197.7100067138672,197.1999969482422,197.25,1320334
2025-06-13 14:00:00-04:00,196.2779998779297,197.69000244140625,196.22000122070312,197.5399932861328,2691753
2025-06-13 14:30:00-04:00,196.46499633789062,196.48500061035156,195.80999755859375,196.25999450683594,2904207
2025-06-13 15:00:00-04:00,196.22000122070312,196.63999938964844,196.0800018310547,196.4550018310547,2262025
2025-06-13 15:30:00-04:00,196.4499969482422,196.69000244140625,195.77000427246094,196.24000549316406,5657582
2025-06-16 09:30:00-04:00,198.32000732421875,198.35000610351562,196.5635986328125,197.2899932861328,7104987
2025-06-16 10:00:00-04:00,198.42999267578125,198.68499755859375,197.63999938964844,198.33999633789062,3487919
2025-06-16 10:30:00-04:00,198.22000122070312,198.66000366210938,198.00999450683594,198.43499755859375,2449299
2025-06-16 11:00:00-04:00,197.31500244140625,198.22500610351562,197.1649932861328,198.22500610351562,2641715
2025-06-16 11:30:00-04:00,197.36990356445312,197.49000549316406,196.875,197.30999755859375,2630936
2025-06-16 12:00:00-04:00,197.0800018310547,197.6300048828125,197.02000427246094,197.36500549316406,1638743
2025-06-16 12:30:00-04:00,197.52000427246094,197.60000610351562,197.02000427246094,197.10000610351562,1221293
2025-06-16 13:00:00-04:00,197.875,197.9550018310547,197.3300018310547,197.50999450683594,1457087
2025-06-16 13:30:00-04:00,197.83999633789062,198.19000244140625,197.77000427246094,197.88499450683594,1953842
2025-06-16 14:00:00-04:00,197.9886932373047,198.1298065185547,197.80999755859375,197.86000061035156,1246983
2025-06-16 14:30:00-04:00,198.32009887695312,198.39849853515625,197.77000427246094,197.99000549316406,1371752
2025-06-16 15:00:00-04:00,198.2449951171875,198.39999389648438,197.66000366210938,198.32000732421875,2197394
2025-06-16 15:30:00-04:00,198.3699951171875,198.49000549316406,197.92999267578125,198.2449951171875,4718967
2025-06-17 09:30:00-04:00,196.80999755859375,197.92999267578125,196.2550048828125,197.25,5477998
2025-06-17 10:00:00-04:00,197.5800018310547,197.91000366210938,196.69000244140625,196.8300018310547,2424398
2025-06-17 10:30:00-04:00,197.38009643554688,197.77000427246094,197.3249969482422,197.58299255371094,1854981
2025-06-17 11:00:00-04:00,197.5800018310547,197.7899932861328,197.34500122070312,197.3800048828125,1512602
2025-06-17 11:30:00-04:00,197.78500366210938,198.38890075683594,197.51499938964844,197.58999633789062,1997881
2025-06-17 12:00:00-04:00,197.61500549316406,198.14999389648438,197.4600067138672,197.78500366210938,1516543
2025-06-17 12:30:00-04:00,196.77499389648438,197.845703125,196.67999267578125,197.61000061035156,1686679
2025-06-17 13:00:00-04:00,196.52000427246094,196.86000061035156,196.46499633789062,196.75999450683594,2787062
2025-06-17 13:30:00-04:00,196.1199951171875,196.82000732421875,195.94000244140625,196.50999450683594,2030994
2025-06-17 14:00:00-04:00,195.4600067138672,196.1199951171875,195.2100067138672,196.1199951171875,1980636
2025-06-17 14:30:00-04:00,195.84030151367188,195.8699951171875,195.42030334472656,195.47999572753906,1581912
2025-06-17 15:00:00-04:00,195.83999633789062,195.94000244140625,195.49000549316406,195.85000610351562,2034515
2025-06-17 15:30:00-04:00,195.63999938964844,195.88499450683594,195.4409942626953,195.85000610351562,4321581
2025-06-18 09:30:00-04:00,196.38999938964844,196.46499633789062,195.07000732421875,195.9199981689453,5312140
2025-06-18 10:00:00-04:00,197.06019592285156,197.50999450683594,196.2100067138672,196.38999938964844,3350991
2025-06-18 10:30:00-04:00,197.25,197.57000732421875,196.97000122070312,197.11000061035156,2150347
2025-06-18 11:00:00-04:00,196.94000244140625,197.2949981689453,196.63499450683594,197.24000549316406,1827153
2025-06-18 11:30:00-04:00,196.82000732421875,197.22000122070312,196.50030517578125,196.85000610351562,1639180
2025-06-18 12:00:00-04:00,196.9508056640625,197.22999572753906,196.75999450683594,196.82000732421875,1037711
2025-06-18 12:30:00-04:00,196.4550018310547,197.02000427246094,196.4199981689453,196.94000244140625,1268508
2025-06-18 13:00:00-04:00,196.05999755859375,196.57000732421875,196.0500030517578,196.33999633789062,1259471
2025-06-18 13:30:00-04:00,196.47000122070312,196.85989379882812,195.8000030517578,196.07000732421875,1726594
2025-06-18 14:00:00-04:00,195.91000366210938,196.97999572753906,195.6300048828125,196.5,1957220
2025-06-18 14:30:00-04:00,195.36000061035156,196.4499969482422,195.11000061035156,195.9199981689453,2412782
2025-06-18 15:00:00-04:00,195.63999938964844,196.28919982910156,195.13999938964844,195.3699951171875,2597122
2025-06-18 15:30:00-04:00,196.25,197.11000061035156,195.46600341796875,195.6300048828125,7662210
2025-06-20 09:30:00-04:00,199.84500122070312,200.94000244140625,197.52999877929688,198.23500061035156,20785971
2025-06-20 10:00:00-04:00,198.67999267578125,199.94000244140625,198.55999755859375,199.83999633789062,5250396
2025-06-20 10:30:00-04:00,197.27980041503906,198.69000244140625,197.03500366210938,198.69000244140625,3588653
2025-06-20 11:00:00-04:00,197.6699981689453,198.0,196.85960388183594,197.25999450683594,2971937
2025-06-20 11:30:00-04:00,198.0800018310547,198.86000061035156,197.6999969482422,197.7100067138672,2847539
2025-06-20 12:00:00-04:00,198.49000549316406,198.53599548339844,197.91000366210938,198.05999755859375,1440133
2025-06-20 12:30:00-04:00,198.80999755859375,198.93910217285156,198.2899932861328,198.49000549316406,2428537
2025-06-20 13:00:00-04:00,198.32000732421875,199.3699951171875,198.27000427246094,198.7899932861328,1858326
2025-06-20 13:30:00-04:00,199.13999938964844,199.17999267578125,198.07000732421875,198.32000732421875,2794563
2025-06-20 14:00:00-04:00,199.80999755859375,200.19000244140625,199.11289978027344,199.14500427246094,2522646
2025-06-20 14:30:00-04:00,199.7100067138672,200.1699981689453,199.64999389648438,199.82000732421875,3349701
2025-06-20 15:00:00-04:00,199.92999267578125,200.33670043945312,199.60009765625,199.7100067138672,4577936
2025-06-20 15:30:00-04:00,200.94000244140625,201.6999969482422,199.77000427246094,199.9199981689453,10755124
2025-06-23 09:30:00-04:00,201.7100067138672,201.91000366210938,199.94000244140625,201.53199768066406,8818432
2025-06-23 10:00:00-04:00,201.37179565429688,202.3000030517578,201.1699981689453,201.72000122070312,4010777
2025-06-23 10:30:00-04:00,200.4550018310547,201.58999633789062,200.3800048828125,201.3800048828125,2760380
2025-06-23 11:00:00-04:00,200.52999877929688,200.80999755859375,200.22500610351562,200.46499633789062,2560782
2025-06-23 11:30:00-04:00,199.8800048828125,200.4149932861328,199.50999450683594,200.3300018310547,2993766
2025-06-23 12:00:00-04:00,200.1396026611328,200.52000427246094,199.61000061035156,199.8800048828125,1999716
2025-06-23 12:30:00-04:00,199.7100067138672,200.52999877929688,198.9600067138672,200.13999938964844,2476213
2025-06-23 13:00:00-04:00,201.43899536132812,201.52000427246094,199.6300048828125,199.6300048828125,2418588
2025-06-23 13:30:00-04:00,201.22999572753906,201.82000732421875,201.0800018310547,201.4600067138672,1997431
2025-06-23 14:00:00-04:00,201.69000244140625,202.24000549316406,201.23500061035156,201.25,4638023
2025-06-23 14:30:00-04:00,201.42999267578125,201.8968048095703,201.35000610351562,201.6699981689453,1748583
2025-06-23 15:00:00-04:00,201.36019897460938,201.75999450683594,201.0507049560547,201.4199981689453,2435975
2025-06-23 15:30:00-04:00,201.5500030517578,201.83999633789062,201.13499450683594,201.35000610351562,3965279
2025-06-24 09:30:00-04:00,200.4199981689453,202.6699981689453,200.22000122070312,201.60000610351562,8865709
2025-06-24 10:00:00-04:00,200.9822998046875,201.3300018310547,200.1999969482422,200.42999267578125,3642619
2025-06-24 10:30:00-04:00,200.97999572753906,201.5800018310547,200.75,200.99000549316406,2510763
2025-06-24 11:00:00-04:00,201.3800048828125,201.4199981689453,200.7404022216797,200.97999572753906,2174815
2025-06-24 11:30:00-04:00,201.90499877929688,202.08999633789062,201.24000549316406,201.4600067138672,2328851
2025-06-24 12:00:00-04:00,202.4499969482422,202.56500244140625,201.80999755859375,201.9199981689453,2395277
2025-06-24 12:30:00-04:00,202.43499755859375,203.44000244140625,202.2899932861328,202.45150756835938,4551482
2025-06-24 13:00:00-04:00,201.9600067138672,202.5399932861328,201.94000244140625,202.4199981689453,2379035
2025-06-24 13:30:00-04:00,202.2050018310547,202.3300018310547,201.83999633789062,201.9600067138672,2028841
2025-06-24 14:00:00-04:00,201.57000732421875,202.26080322265625,201.30999755859375,202.2100067138672,2570230
2025-06-24 14:30:00-04:00,201.44529724121094,201.83999633789062,201.30499267578125,201.5800018310547,2248600
2025-06-24 15:00:00-04:00,201.52999877929688,202.01499938964844,201.4250030517578,201.44900512695312,2766677
2025-06-24 15:30:00-04:00,200.2899932861328,201.5998992919922,200.27000427246094,201.53500366210938,7488205
2025-06-25 09:30:00-04:00,201.7899932861328,203.66000366210938,201.1999969482422,201.4199981689453,7830740
2025-06-25 10:00:00-04:00,202.44000244140625,202.4499969482422,201.24000549316406,201.75999450683594,3063620
2025-06-25 10:30:00-04:00,202.4550018310547,203.1750030517578,202.27499389648438,202.44000244140625,3138083
2025-06-25 11:00:00-04:00,202.10000610351562,202.5500030517578,201.99000549316406,202.44000244140625,2776791
2025-06-25 11:30:00-04:00,201.97500610351562,202.1699981689453,201.82760620117188,202.10499572753906,2098674
2025-06-25 12:00:00-04:00,201.8699951171875,202.1298065185547,201.39999389648438,201.99000549316406,1472345
2025-06-25 12:30:00-04:00,202.05499267578125,202.17970275878906,201.67999267578125,201.8800048828125,1304229
2025-06-25 13:00:00-04:00,201.13999938964844,202.08999633789062,201.08999633789062,202.05630493164062,1526673
2025-06-25 13:30:00-04:00,200.99989318847656,201.27999877929688,200.62010192871094,201.13999938964844,2058128
2025-06-25 14:00:00-04:00,201.01539611816406,201.11000061035156,200.85580444335938,201.0,1100745
2025-06-25 14:30:00-04:00,201.0749969482422,201.5,200.9499969482422,201.02000427246094,1257812
2025-06-25 15:00:00-04:00,201.15980529785156,201.3800048828125,201.00999450683594,201.07000732421875,1816000
2025-06-25 15:30:00-04:00,201.60000610351562,201.6199951171875,200.88499450683594,201.13999938964844,4058748
2025-06-26 09:30:00-04:00,201.0,202.61500549316406,199.66000366210938,202.35000610351562,8011778
2025-06-26 10:00:00-04:00,199.75,201.35000610351562,199.64999389648438,201.0050048828125,3849323
2025-06-26 10:30:00-04:00,200.2799072265625,200.44970703125,199.6750030517578,199.74000549316406,3133240
2025-06-26 11:00:00-04:00,199.69000244140625,200.50999450683594,199.6199951171875,200.3000030517578,2893582
2025-06-26 11:30:00-04:00,200.0,200.10000610351562,199.4600067138672,199.7100067138672,2284776
2025-06-26 12:00:00-04:00,200.122802734375,200.7899932861328,199.97000122070312,199.9949951171875,2493547
2025-06-26 12:30:00-04:00,199.99000549316406,200.27000427246094,199.82000732421875,200.13780212402344,2145364
2025-06-26 13:00:00-04:00,200.24000549316406,200.2657928466797,199.63499450683594,200.0,2423138
2025-06-26 13:30:00-04:00,200.6300048828125,200.7100067138672,199.97500610351562,200.25,2079487
2025-06-26 14:00:00-04:00,200.97999572753906,201.36000061035156,200.42999267578125,200.63999938964844,2948264
2025-06-26 14:30:00-04:00,201.03880310058594,201.14500427246094,200.85000610351562,200.99000549316406,1954241
2025-06-26 15:00:00-04:00,201.1750030517578,201.17869567871094,200.75,201.03500366210938,2017448
2025-06-26 15:30:00-04:00,200.94000244140625,201.55999755859375,200.7899932861328,201.17520141601562,5945620
2025-06-27 09:30:00-04:00,202.79739379882812,203.22000122070312,201.25999450683594,201.89500427246094,7426864
2025-06-27 10:00:00-04:00,201.58009338378906,202.99000549316406,201.42999267578125,202.85000610351562,3966052
2025-06-27 10:30:00-04:00,201.19869995117188,201.9501953125,200.85499572753906,201.58999633789062,3890365
2025-06-27 11:00:00-04:00,201.38180541992188,201.44000244140625,200.9550018310547,201.2100067138672,2179244
2025-06-27 11:30:00-04:00,201.8800048828125,202.0500030517578,201.38999938964844,201.39999389648438,2310066
2025-06-27 12:00:00-04:00,201.99000549316406,202.02999877929688,201.57000732421875,201.8800048828125,1832605
2025-06-27 12:30:00-04:00,202.60000610351562,202.6300048828125,201.72999572753906,201.99000549316406,2224303
2025-06-27 13:00:00-04:00,202.0800018310547,202.6999969482422,202.02000427246094,202.5800018310547,2275607
2025-06-27 13:30:00-04:00,201.37359619140625,202.11000061035156,200.92999267578125,202.0800018310547,2993340
2025-06-27 14:00:00-04:00,201.44000244140625,201.65679931640625,201.1300048828125,201.38479614257812,2154406
2025-06-27 14:30:00-04:00,200.90499877929688,201.52000427246094,200.7899932861328,201.4499969482422,2761764
2025-06-27 15:00:00-04:00,201.125,201.44000244140625,200.83999633789062,200.91000366210938,2576429
2025-06-27 15:30:00-04:00,201.10000610351562,201.27000427246094,200.22000122070312,201.1300048828125,6326536
2025-06-30 09:30:00-04:00,200.75999450683594,202.19000244140625,200.5500946044922,202.00999450683594,6292136
2025-06-30 10:00:00-04:00,201.00990295410156,201.37109375,200.35240173339844,200.7550048828125,3650762
2025-06-30 10:30:00-04:00,199.97000122070312,201.32000732421875,199.59010314941406,201.0050048828125,4567019
2025-06-30 11:00:00-04:00,199.97000122070312,200.28529357910156,199.6300048828125,199.97000122070312,2781730
2025-06-30 11:30:00-04:00,200.0399932861328,200.22999572753906,199.8000030517578,199.98919677734375,2628303
2025-06-30 12:00:00-04:00,200.3249969482422,200.4199981689453,199.99000549316406,200.0399932861328,2080972
2025-06-30 12:30:00-04:00,200.1199951171875,200.47999572753906,199.84500122070312,200.30999755859375,2031211
2025-06-30 13:00:00-04:00,200.15499877929688,200.26100158691406,199.94000244140625,200.1199951171875,2195855
2025-06-30 13:30:00-04:00,200.27000427246094,200.3350067138672,199.89999389648438,200.15499877929688,1724196
2025-06-30 14:00:00-04:00,200.69500732421875,200.8300018310547,200.27499389648438,200.27499389648438,1950501
2025-06-30 14:30:00-04:00,201.91949462890625,202.4499969482422,199.2606964111328,200.69509887695312,8476217
2025-06-30 15:00:00-04:00,206.58560180664062,207.08999633789062,201.88999938964844,201.91000366210938,18433918
2025-06-30 15:30:00-04:00,205.1199951171875,207.38999938964844,205.0500030517578,206.5500030517578,13956446
2025-07-01 09:30:00-04:00,209.0847930908203,209.11000061035156,206.14010620117188,206.6649932861328,18046505
2025-07-01 10:00:00-04:00,209.54010009765625,209.8300018310547,208.4199981689453,209.05999755859375,8680546
2025-07-01 10:30:00-04:00,208.9600067138672,209.89999389648438,207.47000122070312,209.5500946044922,7746771
2025-07-01 11:00:00-04:00,207.9499969482422,210.18649291992188,207.7760009765625,208.9600067138672,7728752
2025-07-01 11:30:00-04:00,207.3029022216797,208.1300048828125,206.7899932861328,207.9600067138672,4014263
2025-07-01 12:00:00-04:00,207.875,208.18499755859375,207.1699981689453,207.30999755859375,3398509
2025-07-01 12:30:00-04:00,207.17539978027344,208.52999877929688,207.13999938964844,207.8699951171875,3616005
2025-07-01 13:00:00-04:00,208.1103057861328,208.13499450683594,207.10000610351562,207.18499755859375,2391341
2025-07-01 13:30:00-04:00,208.14999389648438,208.3699951171875,207.61000061035156,208.1199951171875,2555589
2025-07-01 14:00:00-04:00,208.2100067138672,208.4199981689453,207.8800048828125,208.14999389648438,2192358
2025-07-01 14:30:00-04:00,208.0,208.42990112304688,207.85009765625,208.2100067138672,1915534
2025-07-01 15:00:00-04:00,208.19000244140625,208.35000610351562,207.375,208.02000427246094,3118384
2025-07-01 15:30:00-04:00,207.86000061035156,208.22999572753906,207.51499938964844,208.18499755859375,5286012
2025-07-02 09:30:00-04:00,212.6199951171875,213.33999633789062,208.2760009765625,209.0800018310547,17133597
2025-07-02 10:00:00-04:00,212.3000030517578,212.97000122070312,211.27369689941406,212.6199951171875,7675478
2025-07-02 10:30:00-04:00,211.91000366210938,212.85000610351562,211.4600067138672,212.27999877929688,4721622
2025-07-02 11:00:00-04:00,211.47500610351562,212.58999633789062,211.4199981689453,211.93499755859375,3617303
2025-07-02 11:30:00-04:00,211.5500030517578,212.00999450683594,211.22999572753906,211.49000549316406,2887545
2025-07-02 12:00:00-04:00,210.92030334472656,211.91879272460938,210.86000061035156,211.55999755859375,3171501
2025-07-02 12:30:00-04:00,211.10499572753906,211.25,210.22000122070312,210.9199981689453,2861163
2025-07-02 13:00:00-04:00,210.81809997558594,211.3300018310547,210.44000244140625,211.10000610351562,2171618
2025-07-02 13:30:00-04:00,211.6096954345703,211.72000122070312,210.74000549316406,210.80999755859375,2060548
2025-07-02 14:00:00-04:00,211.58999633789062,211.77000427246094,211.16000366210938,211.60000610351562,1643745
2025-07-02 14:30:00-04:00,212.27000427246094,212.5,211.3699951171875,211.5749969482422,2825679
2025-07-02 15:00:00-04:00,211.88999938964844,212.9600067138672,211.8699951171875,212.27000427246094,4264408
2025-07-02 15:30:00-04:00,212.41000366210938,212.75,211.9499969482422,212.0500030517578,6193408
2025-07-03 09:30:00-04:00,213.30999755859375,213.7899932861328,211.8101043701172,212.14500427246094,8180688
2025-07-03 10:00:00-04:00,213.73500061035156,213.85989379882812,213.22999572753906,213.3300018310547,3734167
2025-07-03 10:30:00-04:00,213.9600067138672,214.40499877929688,213.0399932861328,213.74000549316406,5623701
2025-07-03 11:00:00-04:00,213.8800048828125,214.4600067138672,213.83999633789062,213.97000122070312,3365618
2025-07-03 11:30:00-04:00,214.3300018310547,214.64999389648438,213.6699981689453,213.889892578125,2894460
2025-07-03 12:00:00-04:00,214.10000610351562,214.49989318847656,213.9499969482422,214.33270263671875,2374002
2025-07-03 12:30:00-04:00,213.58999633789062,214.13999938964844,213.3300018310547,214.10000610351562,3896383
2025-07-07 09:30:00-04:00,212.9499969482422,216.22999572753906,212.47000122070312,212.67999267578125,9684425
2025-07-07 10:00:00-04:00,212.36000061035156,213.1199951171875,211.80999755859375,212.9600067138672,3821708
2025-07-07 10:30:00-04:00,212.10000610351562,212.3800048828125,211.60000610351562,212.3699951171875,2497086
2025-07-07 11:00:00-04:00,212.0399932861328,212.60000610351562,211.86500549316406,212.11500549316406,2000568
2025-07-07 11:30:00-04:00,211.75,212.16000366210938,211.53489685058594,212.1199951171875,1876395
2025-07-07 12:00:00-04:00,210.8365020751953,212.1999969482422,210.3800048828125,211.74000549316406,2967545
2025-07-07 12:30:00-04:00,210.63499450683594,211.16990661621094,209.89999389648438,210.83900451660156,2840096
2025-07-07 13:00:00-04:00,209.67039489746094,210.67999267578125,209.52000427246094,210.63999938964844,2199718
2025-07-07 13:30:00-04:00,210.0500030517578,210.5,209.5500030517578,209.6699981689453,1931992
2025-07-07 14:00:00-04:00,208.94039916992188,210.2100067138672,208.91000366210938,210.05999755859375,2278647
2025-07-07 14:30:00-04:00,209.76229858398438,209.77999877929688,208.8000030517578,208.94000244140625,2269077
2025-07-07 15:00:00-04:00,209.4499969482422,210.07000732421875,209.33999633789062,209.76499938964844,2119244
2025-07-07 15:30:00-04:00,209.94000244140625,210.25,209.19000244140625,209.4600067138672,4768433
2025-07-08 09:30:00-04:00,208.66000366210938,210.49000549316406,208.47999572753906,210.1300048828125,6296670
2025-07-08 10:00:00-04:00,209.27999877929688,209.67999267578125,208.4499969482422,208.64500427246094,3085125
2025-07-08 10:30:00-04:00,210.72500610351562,210.8300018310547,209.25999450683594,209.28500366210938,3073028
2025-07-08 11:00:00-04:00,209.87069702148438,211.42999267578125,209.77999877929688,210.72999572753906,2781256
2025-07-08 11:30:00-04:00,210.5500030517578,210.64999389648438,209.77999877929688,209.8800048828125,2114033
2025-07-08 12:00:00-04:00,210.8300018310547,211.18499755859375,210.4600067138672,210.55999755859375,1645735
2025-07-08 12:30:00-04:00,210.3800048828125,210.88999938964844,210.2602996826172,210.83999633789062,1759528
2025-07-08 13:00:00-04:00,209.8350067138672,210.43499755859375,209.5,210.3699951171875,1965981
2025-07-08 13:30:00-04:00,209.85000610351562,209.93499755859375,209.32000732421875,209.83999633789062,1427293
2025-07-08 14:00:00-04:00,209.94500732421875,210.25999450683594,209.72000122070312,209.80999755859375,1454281
2025-07-08 14:30:00-04:00,209.6999969482422,210.0449981689453,209.55999755859375,209.9499969482422,1156212
2025-07-08 15:00:00-04:00,209.60499572753906,209.72999572753906,209.40499877929688,209.69000244140625,1480470
2025-07-08 15:30:00-04:00,210.03500366210938,210.33999633789062,209.3000030517578,209.58999633789062,5121140
2025-07-09 09:30:00-04:00,209.86000061035156,210.89999389648438,209.35000610351562,209.52999877929688,5953520
2025-07-09 10:00:00-04:00,209.91000366210938,210.4949951171875,209.5850067138672,209.8699951171875,3039429
2025-07-09 10:30:00-04:00,207.64810180664062,209.89999389648438,207.4499969482422,209.88999938964844,4394127
2025-07-09 11:00:00-04:00,207.80499267578125,207.94000244140625,207.22000122070312,207.63999938964844,3915191
2025-07-09 11:30:00-04:00,207.72999572753906,207.970703125,207.26589965820312,207.80999755859375,2412426
2025-07-09 12:00:00-04:00,207.8000030517578,208.22000122070312,207.53900146484375,207.73899841308594,2264067
2025-07-09 12:30:00-04:00,208.2100067138672,208.44009399414062,207.57139587402344,207.81039428710938,1788955
2025-07-09 13:00:00-04:00,208.9156036376953,209.0449981689453,207.97999572753906,208.2100067138672,2175810
2025-07-09 13:30:00-04:00,209.24000549316406,209.3795928955078,208.72000122070312,208.9149932861328,1878205
2025-07-09 14:00:00-04:00,209.7324981689453,209.97999572753906,209.16000366210938,209.2100067138672,2138417
2025-07-09 14:30:00-04:00,209.93609619140625,210.05999755859375,209.6199951171875,209.7449951171875,1729924
2025-07-09 15:00:00-04:00,209.88999938964844,210.19000244140625,209.64010620117188,209.94000244140625,1980568
2025-07-09 15:30:00-04:00,211.11000061035156,211.3300018310547,209.72999572753906,209.8800048828125,6191235
2025-07-10 09:30:00-04:00,211.27499389648438,211.28990173339844,210.1199951171875,210.5050048828125,5429914
2025-07-10 10:00:00-04:00,212.00999450683594,212.29989624023438,210.72000122070312,211.27000427246094,4161374
2025-07-10 10:30:00-04:00,212.36000061035156,213.47999572753906,211.89999389648438,212.02999877929688,5668422
2025-07-10 11:00:00-04:00,212.97999572753906,213.31939697265625,212.30999755859375,212.36659240722656,3090590
2025-07-10 11:30:00-04:00,212.38999938964844,213.17999267578125,212.22999572753906,212.99000549316406,2369440
2025-07-10 12:00:00-04:00,212.0800018310547,212.39999389648438,211.8300018310547,212.375,2228713
2025-07-10 12:30:00-04:00,212.01739501953125,212.36000061035156,211.85000610351562,212.07000732421875,1752123
2025-07-10 13:00:00-04:00,212.6199951171875,212.77999877929688,211.92999267578125,212.02000427246094,1632816
2025-07-10 13:30:00-04:00,212.37100219726562,213.16000366210938,212.37100219726562,212.61000061035156,1663392
2025-07-10 14:00:00-04:00,212.60000610351562,213.0,212.30999755859375,212.38999938964844,1361994
2025-07-10 14:30:00-04:00,212.93499755859375,213.1425018310547,212.57000732421875,212.5948944091797,1409694
2025-07-10 15:00:00-04:00,212.5749969482422,213.4499969482422,212.57000732421875,212.91000366210938,1931380
2025-07-10 15:30:00-04:00,212.4199981689453,213.02000427246094,212.08999633789062,212.5800018310547,4470431
2025-07-11 09:30:00-04:00,210.99000549316406,211.1273956298828,209.86000061035156,210.56500244140625,5748804
2025-07-11 10:00:00-04:00,211.7899932861328,212.1300048828125,210.8800048828125,210.98500061035156,2843369
2025-07-11 10:30:00-04:00,210.9600067138672,211.7899932861328,210.8000030517578,211.7899932861328,2054035
2025-07-11 11:00:00-04:00,210.8249969482422,211.14999389648438,210.47999572753906,210.9499969482422,1977673
2025-07-11 11:30:00-04:00,210.6699981689453,211.2100067138672,210.46499633789062,210.8300018310547,2102551
2025-07-11 12:00:00-04:00,210.63499450683594,211.0590057373047,210.58999633789062,210.69000244140625,1316372
2025-07-11 12:30:00-04:00,211.02049255371094,211.0780029296875,210.4499969482422,210.6199951171875,1501233
2025-07-11 13:00:00-04:00,211.1649932861328,211.2899932861328,210.89999389648438,211.01100158691406,1304430
2025-07-11 13:30:00-04:00,211.2100067138672,211.24000549316406,210.97999572753906,211.15499877929688,905028
2025-07-11 14:00:00-04:00,211.40499877929688,211.65980529785156,211.18499755859375,211.1999969482422,1475641
2025-07-11 14:30:00-04:00,211.13499450683594,211.51699829101562,211.02999877929688,211.41000366210938,947754
2025-07-11 15:00:00-04:00,211.16000366210938,211.3000030517578,210.6199951171875,211.1199951171875,1424028
2025-07-11 15:30:00-04:00,211.0749969482422,211.39999389648438,211.029296875,211.1300048828125,4157903
2025-07-14 09:30:00-04:00,207.8800048828125,210.91000366210938,207.6699981689453,209.90899658203125,7563120
2025-07-14 10:00:00-04:00,208.02999877929688,208.77999877929688,207.5399932861328,207.91000366210938,3847202
2025-07-14 10:30:00-04:00,208.48500061035156,208.7550048828125,207.8249969482422,208.02999877929688,2186009
2025-07-14 11:00:00-04:00,208.76499938964844,208.89169311523438,208.20010375976562,208.47000122070312,1913021
2025-07-14 11:30:00-04:00,208.83999633789062,209.14999389648438,208.55999755859375,208.77000427246094,2152481
2025-07-14 12:00:00-04:00,208.8406982421875,209.17999267578125,208.69000244140625,208.8300018310547,1289772
2025-07-14 12:30:00-04:00,208.89999389648438,209.24000549316406,208.7899932861328,208.85000610351562,1145615
2025-07-14 13:00:00-04:00,209.0,209.3300018310547,208.76019287109375,208.89500427246094,1351093
2025-07-14 13:30:00-04:00,209.14999389648438,209.3000030517578,209.00999450683594,209.0133056640625,1153049
2025-07-14 14:00:00-04:00,209.0,209.4499969482422,208.96080017089844,209.1649932861328,1234508
2025-07-14 14:30:00-04:00,209.3101043701172,209.4073028564453,208.99000549316406,209.0,1171214
2025-07-14 15:00:00-04:00,209.1999053955078,209.36000061035156,208.87010192871094,209.31500244140625,2040439
2025-07-14 15:30:00-04:00,208.5399932861328,209.19000244140625,208.52000427246094,209.1699981689453,4180894
2025-07-15 09:30:00-04:00,209.64500427246094,211.1300048828125,208.9199981689453,209.14999389648438,7193414
2025-07-15 10:00:00-04:00,210.1699981689453,210.3000030517578,209.33999633789062,209.64999389648438,2611235
2025-07-15 10:30:00-04:00,209.35000610351562,210.17999267578125,209.19769287109375,210.13999938964844,2184688
2025-07-15 11:00:00-04:00,211.42999267578125,211.42999267578125,209.25999450683594,209.35000610351562,3116030
2025-07-15 11:30:00-04:00,210.77999877929688,211.88999938964844,210.72999572753906,211.42999267578125,3034577
2025-07-15 12:00:00-04:00,210.67999267578125,210.91000366210938,210.36000061035156,210.7899932861328,1583345
2025-07-15 12:30:00-04:00,210.5800018310547,210.98500061035156,210.3800048828125,210.69500732421875,1091440
2025-07-15 13:00:00-04:00,210.67269897460938,211.07000732421875,210.4499969482422,210.55999755859375,1019628
2025-07-15 13:30:00-04:00,211.27999877929688,211.35000610351562,210.66000366210938,210.68499755859375,1193568
2025-07-15 14:00:00-04:00,211.375,211.6699981689453,211.2050018310547,211.27999877929688,1562553
2025-07-15 14:30:00-04:00,210.50999450683594,211.47999572753906,210.42999267578125,211.38890075683594,2061546
2025-07-15 15:00:00-04:00,210.17999267578125,210.68629455566406,209.9600067138672,210.50999450683594,1881677
2025-07-15 15:30:00-04:00,209.00999450683594,210.2899932861328,208.99000549316406,210.2030029296875,3872873
2025-07-16 09:30:00-04:00,211.07000732421875,211.2100067138672,209.91050720214844,210.2899932861328,7217878
2025-07-16 10:00:00-04:00,212.0850067138672,212.39999389648438,210.60000610351562,211.0500030517578,4645862
2025-07-16 10:30:00-04:00,210.78250122070312,212.1844940185547,210.4893035888672,212.11000061035156,3332095
2025-07-16 11:00:00-04:00,210.1199951171875,210.99000549316406,209.2899932861328,210.8000030517578,3384095
2025-07-16 11:30:00-04:00,209.83070373535156,210.5,208.63999938964844,210.1488037109375,3778067
2025-07-16 12:00:00-04:00,209.58999633789062,210.0532989501953,209.5,209.85000610351562,1505490
2025-07-16 12:30:00-04:00,210.38999938964844,210.42999267578125,209.3699951171875,209.60000610351562,1373593
2025-07-16 13:00:00-04:00,210.35000610351562,210.947998046875,210.33999633789062,210.39500427246094,1584646
2025-07-16 13:30:00-04:00,210.27000427246094,210.63189697265625,210.1988067626953,210.33999633789062,1114854
2025-07-16 14:00:00-04:00,210.0384979248047,210.2812042236328,209.87100219726562,210.25999450683594,1210695
2025-07-16 14:30:00-04:00,210.4593048095703,210.47000122070312,210.0399932861328,210.0399932861328,929074
2025-07-16 15:00:00-04:00,210.3249969482422,210.58509826660156,210.11500549316406,210.4550018310547,1135091
2025-07-16 15:30:00-04:00,210.22000122070312,210.6365966796875,209.97000122070312,210.32000732421875,4310071
2025-07-17 09:30:00-04:00,210.27000427246094,211.00999450683594,209.97500610351562,210.625,6921192
2025-07-17 10:00:00-04:00,209.9499969482422,210.60000610351562,209.58999633789062,210.27000427246094,3042435
2025-07-17 10:30:00-04:00,210.1750030517578,210.26820373535156,209.77000427246094,209.94000244140625,2081824
2025-07-17 11:00:00-04:00,210.44000244140625,210.8300018310547,210.08169555664062,210.1750030517578,2401656
2025-07-17 11:30:00-04:00,210.6501007080078,210.69000244140625,210.10499572753906,210.4499969482422,2209581
2025-07-17 12:00:00-04:00,211.38999938964844,211.4499969482422,210.53500366210938,210.66000366210938,3505352
2025-07-17 12:30:00-04:00,211.02000427246094,211.50999450683594,210.94500732421875,211.38890075683594,2263839
2025-07-17 13:00:00-04:00,210.9550018310547,211.16000366210938,210.7899932861328,211.00999450683594,1588334
2025-07-17 13:30:00-04:00,211.48849487304688,211.5,210.9001007080078,210.9499969482422,2477175
2025-07-17 14:00:00-04:00,211.27999877929688,211.8000030517578,211.08999633789062,211.48500061035156,2810324
2025-07-17 14:30:00-04:00,210.9199981689453,211.27999877929688,210.8699951171875,211.27999877929688,1850484
2025-07-17 15:00:00-04:00,210.9949951171875,211.06500244140625,210.77999877929688,210.94000244140625,2594970
2025-07-17 15:30:00-04:00,210.06100463867188,211.0500030517578,209.74000549316406,210.99989318847656,7016080
2025-07-18 09:30:00-04:00,210.32000732421875,211.00999450683594,209.88999938964844,210.7550048828125,12988467
2025-07-18 10:00:00-04:00,209.9542999267578,210.6199951171875,209.70449829101562,210.33999633789062,2741217
2025-07-18 10:30:00-04:00,210.4700927734375,211.00999450683594,209.77000427246094,209.9600067138672,2975150
2025-07-18 11:00:00-04:00,210.85000610351562,211.0,210.4199981689453,210.51100158691406,1982210
2025-07-18 11:30:00-04:00,211.0749969482422,211.10000610351562,210.69000244140625,210.85499572753906,2308839
2025-07-18 12:00:00-04:00,211.00999450683594,211.1300048828125,210.67999267578125,211.07009887695312,1684514
2025-07-18 12:30:00-04:00,211.32000732421875,211.7899932861328,210.8800048828125,211.02000427246094,2389024
2025-07-18 13:00:00-04:00,211.19000244140625,211.4250030517578,211.04220581054688,211.32000732421875,1451363
2025-07-18 13:30:00-04:00,211.08999633789062,211.5399932861328,210.97000122070312,211.17999267578125,1622529
2025-07-18 14:00:00-04:00,210.93499755859375,211.25999450683594,210.75999450683594,211.10000610351562,1431765
2025-07-18 14:30:00-04:00,210.96499633789062,211.05999755859375,210.7899932861328,210.92999267578125,1161064
2025-07-18 15:00:00-04:00,210.9499969482422,211.19500732421875,210.8699951171875,210.9600067138672,1478663
2025-07-18 15:30:00-04:00,211.22000122070312,211.34500122070312,210.8300018310547,210.94000244140625,4433304
2025-07-21 09:30:00-04:00,214.0,215.77999877929688,211.64089965820312,212.0500030517578,14786084
2025-07-21 10:00:00-04:00,214.64500427246094,215.19000244140625,214.00999450683594,214.00999450683594,5145413
2025-07-21 10:30:00-04:00,213.41000366210938,214.7100067138672,213.2852020263672,214.63999938964844,4344060
2025-07-21 11:00:00-04:00,213.47000122070312,213.64999389648438,212.8699951171875,213.41000366210938,3143746
2025-07-21 11:30:00-04:00,213.39959716796875,213.7100067138672,213.16000366210938,213.4600067138672,1851822
2025-07-21 12:00:00-04:00,213.31959533691406,213.5800018310547,213.1699981689453,213.38499450683594,1287553
2025-07-21 12:30:00-04:00,213.55999755859375,213.86000061035156,213.13999938964844,213.31500244140625,1680897
2025-07-21 13:00:00-04:00,213.67999267578125,213.72500610351562,213.41000366210938,213.5500030517578,1226146
2025-07-21 13:30:00-04:00,212.90989685058594,213.7100067138672,212.88499450683594,213.66000366210938,1689461
2025-07-21 14:00:00-04:00,213.25999450683594,213.27000427246094,212.50999450683594,212.91000366210938,2365864
2025-07-21 14:30:00-04:00,213.05020141601562,213.42999267578125,213.0,213.268798828125,1290115
2025-07-21 15:00:00-04:00,212.5800018310547,213.10989379882812,212.50999450683594,213.07000732421875,1600109
2025-07-21 15:30:00-04:00,212.5399932861328,212.71859741210938,212.07000732421875,212.5800018310547,3808451
2025-07-22 09:30:00-04:00,213.5800018310547,214.02999877929688,212.2301025390625,213.23500061035156,8909538
2025-07-22 10:00:00-04:00,213.2655029296875,213.77000427246094,212.67999267578125,213.5800018310547,3467972
2025-07-22 10:30:00-04:00,213.21290588378906,213.6199951171875,212.72000122070312,213.25999450683594,2968572
2025-07-22 11:00:00-04:00,213.477294921875,213.69000244140625,213.0,213.2100067138672,1752827
2025-07-22 11:30:00-04:00,213.26499938964844,213.82000732421875,212.75999450683594,213.47000122070312,3331449
2025-07-22 12:00:00-04:00,213.27999877929688,213.74000549316406,212.97999572753906,213.26499938964844,2280036
2025-07-22 12:30:00-04:00,213.41000366210938,213.5399932861328,212.83999633789062,213.24000549316406,1688671
2025-07-22 13:00:00-04:00,214.41119384765625,214.47999572753906,213.3699951171875,213.39999389648438,2379675
2025-07-22 13:30:00-04:00,213.84500122070312,214.42340087890625,213.72000122070312,214.39999389648438,2039286
2025-07-22 14:00:00-04:00,213.7100067138672,214.05999755859375,213.44000244140625,213.8634033203125,1581698
2025-07-22 14:30:00-04:00,214.1699981689453,214.2100067138672,213.7100067138672,213.7100067138672,1432732
2025-07-22 15:00:00-04:00,214.18499755859375,214.41990661621094,213.8249969482422,214.13999938964844,2317241
2025-07-22 15:30:00-04:00,214.38999938964844,214.64500427246094,213.92999267578125,214.17999267578125,4788294
2025-07-23 09:30:00-04:00,212.55999755859375,215.10000610351562,212.4199981689453,215.0449981689453,9593586
2025-07-23 10:00:00-04:00,212.9351043701172,213.16000366210938,212.41000366210938,212.5500030517578,3885623
2025-07-23 10:30:00-04:00,212.66000366210938,213.0615997314453,212.5,212.9499053955078,2280495
2025-07-23 11:00:00-04:00,213.14999389648438,213.1699981689453,212.6519012451172,212.6750030517578,2308162
2025-07-23 11:30:00-04:00,213.35499572753906,213.80999755859375,212.64999389648438,213.14999389648438,2487105
2025-07-23 12:00:00-04:00,213.5,213.72000122070312,213.2100067138672,213.35000610351562,1977994
2025-07-23 12:30:00-04:00,213.5998992919922,213.6300048828125,213.36000061035156,213.5,1057268
2025-07-23 13:00:00-04:00,214.125,214.22850036621094,213.50999450683594,213.58999633789062,1495178
2025-07-23 13:30:00-04:00,214.46009826660156,214.63499450683594,214.07000732421875,214.1199951171875,2451546
2025-07-23 14:00:00-04:00,214.40499877929688,214.58999633789062,214.25,214.47000122070312,1899355
2025-07-23 14:30:00-04:00,214.55999755859375,214.69500732421875,214.32000732421875,214.40499877929688,1630912
2025-07-23 15:00:00-04:00,214.13999938964844,214.6300048828125,213.94000244140625,214.57000732421875,1910452
2025-07-23 15:30:00-04:00,214.30999755859375,214.30999755859375,213.61000061035156,214.14500427246094,4190088
2025-07-24 09:30:00-04:00,213.8300018310547,215.69000244140625,213.52999877929688,214.05999755859375,8577786
2025-07-24 10:00:00-04:00,214.4600067138672,214.8300018310547,213.56500244140625,213.83999633789062,3162927
2025-07-24 10:30:00-04:00,214.32229614257812,214.64340209960938,214.05960083007812,214.4499969482422,2685513
2025-07-24 11:00:00-04:00,215.25999450683594,215.35000610351562,214.30999755859375,214.32000732421875,3423307
2025-07-24 11:30:00-04:00,214.89529418945312,215.49000549316406,214.47000122070312,215.2615966796875,3082657
2025-07-24 12:00:00-04:00,214.33999633789062,214.88999938964844,214.1999969482422,214.8699951171875,1862481
2025-07-24 12:30:00-04:00,214.6750030517578,214.79989624023438,214.27999877929688,214.33999633789062,1496666
2025-07-24 13:00:00-04:00,214.7899932861328,215.1999969482422,214.60000610351562,214.6699981689453,1491106
2025-07-24 13:30:00-04:00,214.67999267578125,214.9199981689453,214.55999755859375,214.7899932861328,1033131
2025-07-24 14:00:00-04:00,214.73500061035156,215.1999969482422,214.67999267578125,214.67999267578125,1505835
2025-07-24 14:30:00-04:00,214.52999877929688,214.85499572753906,214.3300018310547,214.73890686035156,1467173
2025-07-24 15:00:00-04:00,214.80999755859375,215.02000427246094,214.42999267578125,214.52000427246094,1671771
2025-07-24 15:30:00-04:00,213.75999450683594,214.94000244140625,213.72000122070312,214.81100463867188,5843431
2025-07-25 09:30:00-04:00,214.091796875,214.86000061035156,213.8000030517578,214.6999969482422,6732603
2025-07-25 10:00:00-04:00,214.58529663085938,214.64999389648438,213.74000549316406,214.08999633789062,3317164
2025-07-25 10:30:00-04:00,214.73019409179688,215.24000549316406,214.4138946533203,214.58999633789062,3017578
2025-07-25 11:00:00-04:00,214.50999450683594,214.77999877929688,214.2100067138672,214.72999572753906,2115773
2025-07-25 11:30:00-04:00,214.2364959716797,214.63999938964844,214.08999633789062,214.5850067138672,3707014
2025-07-25 12:00:00-04:00,214.3896026611328,214.61500549316406,214.0500030517578,214.22999572753906,1498654
2025-07-25 12:30:00-04:00,214.40499877929688,214.58999633789062,214.3300018310547,214.38999938964844,1266597
2025-07-25 13:00:00-04:00,214.1699981689453,214.40499877929688,214.0399932861328,214.4049072265625,1369946
2025-07-25 13:30:00-04:00,213.99009704589844,214.50999450683594,213.9199981689453,214.17039489746094,1877214
2025-07-25 14:00:00-04:00,213.88999938964844,214.16990661621094,213.82000732421875,213.9949951171875,1183701
2025-07-25 14:30:00-04:00,213.7935028076172,214.00999450683594,213.6999969482422,213.91000366210938,1365901
2025-07-25 15:00:00-04:00,213.5,213.89999389648438,213.39999389648438,213.7899932861328,1592056
2025-07-25 15:30:00-04:00,213.9600067138672,214.0,213.49000549316406,213.5050048828125,4400863
2025-07-28 09:30:00-04:00,213.89999389648438,214.6699981689453,213.5800018310547,214.02999877929688,4788878
2025-07-28 10:00:00-04:00,214.52000427246094,214.74000549316406,213.86000061035156,213.9250030517578,3049984
2025-07-28 10:30:00-04:00,214.4199981689453,214.84500122070312,214.39500427246094,214.53500366210938,2123691
2025-07-28 11:00:00-04:00,214.43499755859375,214.5500030517578,214.12229919433594,214.4550018310547,1748710
2025-07-28 11:30:00-04:00,214.42999267578125,214.60000610351562,214.35000610351562,214.44000244140625,1322419
2025-07-28 12:00:00-04:00,214.5399932861328,214.75,214.2899932861328,214.43499755859375,1248924
2025-07-28 12:30:00-04:00,214.3300018310547,214.5749969482422,214.22500610351562,214.53500366210938,1562103
2025-07-28 13:00:00-04:00,213.64500427246094,214.4499969482422,213.4149932861328,214.33999633789062,2412936
2025-07-28 13:30:00-04:00,213.73500061035156,214.02000427246094,213.6199951171875,213.63499450683594,1197689
2025-07-28 14:00:00-04:00,213.8000030517578,213.97999572753906,213.67030334472656,213.73500061035156,1194484
2025-07-28 14:30:00-04:00,213.1199951171875,213.8300018310547,213.05999755859375,213.82000732421875,1903718
2025-07-28 15:00:00-04:00,213.42999267578125,213.4364013671875,213.06500244140625,213.13999938964844,2493458
2025-07-28 15:30:00-04:00,214.0399932861328,214.0500030517578,213.32000732421875,213.4199981689453,3976187
2025-07-29 09:30:00-04:00,212.5399932861328,214.80999755859375,211.50999450683594,214.16000366210938,7930845
2025-07-29 10:00:00-04:00,213.0500030517578,213.38999938964844,212.07000732421875,212.5399932861328,3858883
2025-07-29 10:30:00-04:00,212.60000610351562,213.24830627441406,212.1199951171875,213.0399932861328,2949300
2025-07-29 11:00:00-04:00,211.89999389648438,212.76950073242188,211.88999938964844,212.60499572753906,2454892
2025-07-29 11:30:00-04:00,212.50999450683594,212.5399932861328,211.6999969482422,211.88099670410156,2583886
2025-07-29 12:00:00-04:00,212.0,212.92999267578125,212.0,212.50999450683594,2258616
2025-07-29 12:30:00-04:00,212.17999267578125,212.2364959716797,211.83999633789062,211.99000549316406,1600552
2025-07-29 13:00:00-04:00,212.1999969482422,212.38999938964844,210.8249969482422,212.16000366210938,2958087
2025-07-29 13:30:00-04:00,212.0749969482422,212.38499450683594,211.9300994873047,212.2100067138672,1429752
2025-07-29 14:00:00-04:00,211.9600067138672,212.38999938964844,211.81500244140625,212.06500244140625,1595125
2025-07-29 14:30:00-04:00,211.97999572753906,212.44000244140625,211.96499633789062,211.96499633789062,1323412
2025-07-29 15:00:00-04:00,211.88999938964844,212.0500030517578,211.60000610351562,211.97000122070312,2052671
2025-07-29 15:30:00-04:00,211.35000610351562,211.91000366210938,211.05450439453125,211.88999938964844,4836491
2025-07-30 09:30:00-04:00,210.4499969482422,212.38999938964844,210.02000427246094,211.89500427246094,5047979
2025-07-30 10:00:00-04:00,210.61000061035156,210.8800048828125,210.10009765625,210.4199981689453,2376140
2025-07-30 10:30:00-04:00,210.42999267578125,210.72000122070312,210.35000610351562,210.6199951171875,1612475
2025-07-30 11:00:00-04:00,209.71499633789062,210.5749969482422,209.6199951171875,210.44000244140625,2121252
2025-07-30 11:30:00-04:00,210.160400390625,210.19000244140625,209.57000732421875,209.72000122070312,1553643
2025-07-30 12:00:00-04:00,210.1199951171875,210.4199981689453,210.07000732421875,210.14999389648438,1213974
2025-07-30 12:30:00-04:00,209.5800018310547,210.1699981689453,209.50999450683594,210.11000061035156,1352237
2025-07-30 13:00:00-04:00,209.75650024414062,209.81500244140625,209.32000732421875,209.5850067138672,1489636
2025-07-30 13:30:00-04:00,209.89500427246094,210.14990234375,209.72000122070312,209.75,1231014
2025-07-30 14:00:00-04:00,209.85499572753906,210.03500366210938,209.47999572753906,209.94000244140625,1981075
2025-07-30 14:30:00-04:00,208.35000610351562,210.13999938964844,208.3000030517578,209.85499572753906,2865816
2025-07-30 15:00:00-04:00,208.52000427246094,208.7100067138672,207.72000122070312,208.30999755859375,3036576
2025-07-30 15:30:00-04:00,209.02000427246094,209.10989379882812,208.1300048828125,208.50999450683594,4190797
2025-07-31 09:30:00-04:00,208.48500061035156,209.4499969482422,207.8249969482422,208.3800048828125,7687926
2025-07-31 10:00:00-04:00,208.8424072265625,209.68150329589844,208.3699951171875,208.47000122070312,3649598
2025-07-31 10:30:00-04:00,208.97999572753906,209.5500030517578,208.72000122070312,208.86000061035156,3759923
2025-07-31 11:00:00-04:00,208.28280639648438,209.24000549316406,208.07000732421875,208.97999572753906,2949144
2025-07-31 11:30:00-04:00,208.61500549316406,208.9199981689453,208.1699981689453,208.27000427246094,2788391
2025-07-31 12:00:00-04:00,208.95449829101562,209.0,208.61000061035156,208.6199951171875,1703668
2025-07-31 12:30:00-04:00,209.06719970703125,209.37989807128906,208.86000061035156,208.9499969482422,2122656
2025-07-31 13:00:00-04:00,208.6649932861328,209.83999633789062,208.5,209.06820678710938,3027146
2025-07-31 13:30:00-04:00,208.32000732421875,208.9199981689453,208.1490020751953,208.6649932861328,2049542
2025-07-31 14:00:00-04:00,208.61000061035156,208.76980590820312,207.58999633789062,208.2949981689453,2952179
2025-07-31 14:30:00-04:00,208.94000244140625,209.25,208.5399932861328,208.61000061035156,2682888
2025-07-31 15:00:00-04:00,208.5699005126953,209.38429260253906,208.49000549316406,208.99000549316406,3347014
2025-07-31 15:30:00-04:00,207.61000061035156,208.85000610351562,207.16000366210938,208.57000732421875,8246453
2025-08-01 09:30:00-04:00,207.0449981689453,213.5800018310547,206.27999877929688,210.83999633789062,19407155
2025-08-01 10:00:00-04:00,205.36000061035156,207.47000122070312,204.3699951171875,207.0399932861328,9923124
2025-08-01 10:30:00-04:00,204.03990173339844,205.72999572753906,203.71499633789062,205.3300018310547,6552167
2025-08-01 11:00:00-04:00,203.44000244140625,204.5850067138672,203.07000732421875,204.02999877929688,5195987
2025-08-01 11:30:00-04:00,203.72999572753906,204.58999633789062,203.22500610351562,203.4199981689453,4635955
2025-08-01 12:00:00-04:00,202.75,204.00999450683594,202.64999389648438,203.7100067138672,4624935
2025-08-01 12:30:00-04:00,202.0850067138672,203.2895050048828,201.96009826660156,202.75999450683594,4566935
2025-08-01 13:00:00-04:00,201.9824981689453,202.36500549316406,201.5,202.07000732421875,3934423
2025-08-01 13:30:00-04:00,202.21800231933594,202.5500030517578,201.63009643554688,201.9801025390625,4188732
2025-08-01 14:00:00-04:00,203.5500030517578,203.72999572753906,202.1999969482422,202.21710205078125,3837901
2025-08-01 14:30:00-04:00,203.82000732421875,204.32119750976562,203.3699951171875,203.5500030517578,3870903
2025-08-01 15:00:00-04:00,203.19000244140625,204.02000427246094,202.89999389648438,203.80999755859375,3813487
2025-08-01 15:30:00-04:00,202.27000427246094,203.24000549316406,202.1699981689453,203.17999267578125,8416967
2025-08-04 09:30:00-04:00,206.1699981689453,206.30999755859375,204.19500732421875,204.5050048828125,9095177
2025-08-04 10:00:00-04:00,206.75999450683594,206.83999633789062,205.94000244140625,206.19500732421875,4272373
2025-08-04 10:30:00-04:00,207.19500732421875,207.8800048828125,206.0706024169922,206.75999450683594,5788558
2025-08-04 11:00:00-04:00,205.77000427246094,207.40989685058594,205.74000549316406,207.19500732421875,3030065
2025-08-04 11:30:00-04:00,205.2899932861328,205.8800048828125,205.26499938964844,205.75999450683594,2504305
2025-08-04 12:00:00-04:00,203.93499755859375,205.5050048828125,203.92999267578125,205.3000030517578,3255121
2025-08-04 12:30:00-04:00,204.13999938964844,204.38999938964844,203.86500549316406,203.94000244140625,2909586
2025-08-04 13:00:00-04:00,204.14999389648438,204.47999572753906,203.94000244140625,204.14340209960938,2137208
2025-08-04 13:30:00-04:00,203.71139526367188,204.1999969482422,203.57000732421875,204.13999938964844,2108157
2025-08-04 14:00:00-04:00,203.42999267578125,204.22000122070312,203.41000366210938,203.72000122070312,2551068
2025-08-04 14:30:00-04:00,202.58999633789062,203.52999877929688,202.07000732421875,203.44000244140625,4356339
2025-08-04 15:00:00-04:00,202.3249969482422,203.0850067138672,202.27000427246094,202.58999633789062,6238235
2025-08-04 15:30:00-04:00,203.33999633789062,203.4499969482422,201.6750030517578,202.3300018310547,8673869
2025-08-05 09:30:00-04:00,203.3699951171875,204.25909423828125,202.16000366210938,203.43499755859375,6054487
2025-08-05 10:00:00-04:00,204.52999877929688,204.55499267578125,202.89999389648438,203.30999755859375,3758461
2025-08-05 10:30:00-04:00,204.22999572753906,204.7904052734375,203.90499877929688,204.53500366210938,3149129
2025-08-05 11:00:00-04:00,204.6300048828125,205.33999633789062,204.0749969482422,204.22999572753906,3317060
2025-08-05 11:30:00-04:00,203.92010498046875,204.69000244140625,203.6779022216797,204.6199951171875,2233551
2025-08-05 12:00:00-04:00,203.7100067138672,203.93190002441406,203.44000244140625,203.91000366210938,1549123
2025-08-05 12:30:00-04:00,203.8509979248047,203.9199981689453,203.08999633789062,203.7100067138672,2115470
2025-08-05 13:00:00-04:00,204.03500366210938,204.1699981689453,203.75999450683594,203.8300018310547,1605506
2025-08-05 13:30:00-04:00,204.02999877929688,204.1199951171875,203.75999450683594,204.0500030517578,1222524
2025-08-05 14:00:00-04:00,203.8699951171875,204.3000030517578,203.8300018310547,204.03500366210938,1455182
2025-08-05 14:30:00-04:00,203.5800018310547,203.97000122070312,203.19009399414062,203.86000061035156,1740489
2025-08-05 15:00:00-04:00,203.3350067138672,203.67999267578125,203.25999450683594,203.59500122070312,1614268
2025-08-05 15:30:00-04:00,202.92999267578125,203.41000366210938,202.6699981689453,203.33999633789062,3784751
2025-08-06 09:30:00-04:00,209.5449981689453,210.32000732421875,205.58999633789062,205.60000610351562,16063541
2025-08-06 10:00:00-04:00,210.75999450683594,211.14999389648438,209.5,209.5449981689453,7697000
2025-08-06 10:30:00-04:00,211.0749969482422,212.27000427246094,210.6300048828125,210.75999450683594,7094416
2025-08-06 11:00:00-04:00,214.22500610351562,214.33999633789062,210.66000366210938,211.0800018310547,8523757
2025-08-06 11:30:00-04:00,214.6300048828125,214.89999389648438,213.6699981689453,214.22500610351562,8608254
2025-08-06 12:00:00-04:00,214.49989318847656,214.99000549316406,214.17999267578125,214.63499450683594,6789054
2025-08-06 12:30:00-04:00,214.47999572753906,214.75,213.86900329589844,214.5196990966797,3939967
2025-08-06 13:00:00-04:00,214.5399932861328,214.8699951171875,214.0399932861328,214.48500061035156,3392028
2025-08-06 13:30:00-04:00,214.38499450683594,215.3800048828125,214.08999633789062,214.51499938964844,4959910
2025-08-06 14:00:00-04:00,214.6024932861328,214.92990112304688,214.1300048828125,214.3800048828125,3258404
2025-08-06 14:30:00-04:00,214.39990234375,214.7949981689453,214.3800048828125,214.61000061035156,2821909
2025-08-06 15:00:00-04:00,213.875,214.5500030517578,213.75,214.39500427246094,4359900
2025-08-06 15:30:00-04:00,213.25,214.4199981689453,212.80999755859375,213.88499450683594,9553119
2025-08-07 09:30:00-04:00,219.55499267578125,220.3300018310547,216.5800018310547,218.875,22504992
2025-08-07 10:00:00-04:00,218.27000427246094,219.99000549316406,217.55999755859375,219.58999633789062,8260664
2025-08-07 10:30:00-04:00,219.14549255371094,219.14549255371094,217.64999389648438,218.05999755859375,5409315
2025-08-07 11:00:00-04:00,219.62899780273438,220.1300048828125,218.97000122070312,219.14500427246094,6547996
2025-08-07 11:30:00-04:00,219.60499572753906,220.19979858398438,219.4199981689453,219.6199951171875,5213141
2025-08-07 12:00:00-04:00,219.9149932861328,220.33999633789062,219.5500030517578,219.60000610351562,4683684
2025-08-07 12:30:00-04:00,219.2050018310547,220.2100067138672,218.8000030517578,219.9199981689453,4112842
2025-08-07 13:00:00-04:00,218.7100067138672,219.61000061035156,213.25,219.22000122070312,3069803
2025-08-07 13:30:00-04:00,219.27000427246094,219.52000427246094,218.71009826660156,218.72000122070312,2532860
2025-08-07 14:00:00-04:00,219.5,219.72999572753906,219.035400390625,219.27000427246094,2196493
2025-08-07 14:30:00-04:00,220.42999267578125,220.85000610351562,219.24349975585938,219.49000549316406,4603025
2025-08-07 15:00:00-04:00,219.3000946044922,220.57980346679688,219.3000030517578,220.4499969482422,4709110
2025-08-07 15:30:00-04:00,220.1300048828125,220.1999969482422,219.25,219.30450439453125,6898669
2025-08-08 09:30:00-04:00,222.1750030517578,222.2998046875,219.25,220.42999267578125,8673005
2025-08-08 10:00:00-04:00,222.7816925048828,223.10000610351562,221.82000732421875,222.19000244140625,6879239
2025-08-08 10:30:00-04:00,222.9550018310547,223.57000732421875,222.6300048828125,222.77999877929688,5388186
2025-08-08 11:00:00-04:00,224.36000061035156,224.6300048828125,222.89999389648438,222.94000244140625,5286372
2025-08-08 11:30:00-04:00,225.99000549316406,226.32989501953125,224.30999755859375,224.35499572753906,8245618
2025-08-08 12:00:00-04:00,228.1999969482422,228.22500610351562,225.88999938964844,225.9864959716797,8743941
2025-08-08 12:30:00-04:00,229.7899932861328,230.55999755859375,227.943603515625,228.2097930908203,16590894
2025-08-08 13:00:00-04:00,228.6750030517578,230.88999938964844,228.6699981689453,229.78460693359375,8963382
2025-08-08 13:30:00-04:00,230.2449951171875,230.5,228.5500030517578,228.6699981689453,6748970
2025-08-08 14:00:00-04:00,229.2899932861328,230.99000549316406,229.17140197753906,230.2449951171875,5803895
2025-08-08 14:30:00-04:00,229.11000061035156,229.87989807128906,229.07000732421875,229.29159545898438,4404033
2025-08-08 15:00:00-04:00,228.8300018310547,229.61990356445312,228.50999450683594,229.1199951171875,6808272
2025-08-08 15:30:00-04:00,229.3699951171875,229.69000244140625,228.4600067138672,228.82000732421875,11188500
2025-08-11 09:30:00-04:00,226.0406951904297,228.72999572753906,224.7624053955078,226.75,11810798
2025-08-11 10:00:00-04:00,226.77499389648438,227.3000030517578,225.83900451660156,226.0399932861328,4347976
2025-08-11 10:30:00-04:00,226.52000427246094,227.88999938964844,226.4949951171875,226.7899932861328,3335854
2025-08-11 11:00:00-04:00,227.47000122070312,227.64999389648438,226.10000610351562,226.52099609375,4642000
2025-08-11 11:30:00-04:00,228.625,228.9600067138672,227.47000122070312,227.47000122070312,4044485
2025-08-11 12:00:00-04:00,228.72999572753906,229.55999755859375,228.34010314941406,228.6300048828125,3375698
2025-08-11 12:30:00-04:00,228.39500427246094,229.0998992919922,228.10000610351562,228.73500061035156,2026596
2025-08-11 13:00:00-04:00,228.10000610351562,228.61000061035156,228.0,228.39999389648438,2094281
2025-08-11 13:30:00-04:00,227.2375946044922,228.19500732421875,227.00999450683594,228.08999633789062,2856780
2025-08-11 14:00:00-04:00,227.73500061035156,228.17999267578125,227.10000610351562,227.2449951171875,2456717
2025-08-11 14:30:00-04:00,227.5399932861328,227.9600067138672,227.10000610351562,227.75999450683594,2028810
2025-08-11 15:00:00-04:00,227.64999389648438,227.94000244140625,227.1862030029297,227.5399932861328,5556117
2025-08-11 15:30:00-04:00,227.2050018310547,227.69500732421875,226.63999938964844,227.65919494628906,5849057
2025-08-12 09:30:00-04:00,227.875,229.9398956298828,227.10000610351562,228.0050048828125,8606598
2025-08-12 10:00:00-04:00,228.57000732421875,229.4600067138672,227.32000732421875,227.875,3964817
2025-08-12 10:30:00-04:00,229.50030517578125,229.72000122070312,228.25999450683594,228.58999633789062,3845745
2025-08-12 11:00:00-04:00,229.72999572753906,230.5865020751953,229.4290008544922,229.5272979736328,6246754
2025-08-12 11:30:00-04:00,229.7100067138672,229.8699951171875,228.32000732421875,229.7299041748047,3171692
2025-08-12 12:00:00-04:00,229.77999877929688,230.11000061035156,229.47000122070312,229.7100067138672,1696682
2025-08-12 12:30:00-04:00,230.38999938964844,230.77999877929688,229.66000366210938,229.77999877929688,3476479
2025-08-12 13:00:00-04:00,229.77499389648438,230.7100067138672,229.7700958251953,230.39999389648438,1596122
2025-08-12 13:30:00-04:00,229.94500732421875,230.5500030517578,229.52499389648438,229.7700958251953,2118454
2025-08-12 14:00:00-04:00,229.57000732421875,230.1096954345703,229.4499969482422,229.94619750976562,1474946
2025-08-12 14:30:00-04:00,229.29010009765625,229.61000061035156,229.02000427246094,229.5800018310547,1580333
2025-08-12 15:00:00-04:00,229.18299865722656,229.32000732421875,228.9199981689453,229.30499267578125,1747538
2025-08-12 15:30:00-04:00,229.64999389648438,230.10000610351562,229.05999755859375,229.1699981689453,4734707
2025-08-13 09:30:00-04:00,231.77749633789062,232.1898956298828,230.42999267578125,231.52499389648438,8872843
2025-08-13 10:00:00-04:00,231.80999755859375,232.72000122070312,231.16000366210938,231.75,5865813
2025-08-13 10:30:00-04:00,233.60000610351562,234.5500030517578,231.77000427246094,231.80999755859375,6798106
2025-08-13 11:00:00-04:00,232.2899932861328,233.9149932861328,231.77999877929688,233.52999877929688,4807470
2025-08-13 11:30:00-04:00,232.6649932861328,233.318603515625,232.0301971435547,232.27999877929688,2744520
2025-08-13 12:00:00-04:00,233.09500122070312,233.3972930908203,232.34500122070312,232.67999267578125,3221724
2025-08-13 12:30:00-04:00,232.10679626464844,233.36000061035156,232.07000732421875,233.07000732421875,2297721
2025-08-13 13:00:00-04:00,232.4550018310547,232.47000122070312,231.5601043701172,232.09869384765625,3119503
2025-08-13 13:30:00-04:00,233.11000061035156,233.19000244140625,232.02000427246094,232.4499969482422,1977346
2025-08-13 14:00:00-04:00,232.9250030517578,234.99000549316406,232.47999572753906,233.10009765625,6160001
2025-08-13 14:30:00-04:00,233.1199951171875,233.3885040283203,230.8000030517578,232.94000244140625,4733497
2025-08-13 15:00:00-04:00,233.5850067138672,233.91000366210938,233.05999755859375,233.1199951171875,4459351
2025-08-13 15:30:00-04:00,233.3300018310547,234.3300018310547,233.11000061035156,233.5850067138672,5738352
2025-08-14 09:30:00-04:00,233.41000366210938,235.11000061035156,232.88999938964844,234.05499267578125,11760571
2025-08-14 10:00:00-04:00,232.2100067138672,233.4199981689453,231.67019653320312,233.39500427246094,4292370
2025-08-14 10:30:00-04:00,231.64999389648438,232.4600067138672,231.5449981689453,232.2050018310547,3018527
2025-08-14 11:00:00-04:00,231.74020385742188,231.83999633789062,230.85000610351562,231.65499877929688,3606149
2025-08-14 11:30:00-04:00,231.32000732421875,232.2949981689453,230.91000366210938,231.75,2464226
2025-08-14 12:00:00-04:00,232.00999450683594,232.14959716796875,231.30999755859375,231.3249969482422,1859471
2025-08-14 12:30:00-04:00,232.4906005859375,232.5399932861328,231.9687957763672,232.02999877929688,1361843
2025-08-14 13:00:00-04:00,232.92730712890625,233.13999938964844,232.47999572753906,232.4949951171875,1847530
2025-08-14 13:30:00-04:00,232.7050018310547,233.1300048828125,232.45840454101562,232.92999267578125,2141634
2025-08-14 14:00:00-04:00,232.72999572753906,232.8000030517578,232.32000732421875,232.72500610351562,1492585
2025-08-14 14:30:00-04:00,232.99000549316406,233.3699951171875,232.44000244140625,232.7100067138672,2037773
2025-08-14 15:00:00-04:00,232.94500732421875,233.49000549316406,232.8800048828125,232.9893035888672,2485405
2025-08-14 15:30:00-04:00,232.8300018310547,233.50999450683594,232.69000244140625,232.92999267578125,4542543
2025-08-15 09:30:00-04:00,232.05999755859375,234.22140502929688,231.8000030517578,233.72999572753906,8629752
2025-08-15 10:00:00-04:00,232.1699981689453,232.68499755859375,231.5500946044922,232.0,2973530
2025-08-15 10:30:00-04:00,230.8699951171875,232.2899932861328,230.75,232.16140747070312,2674698
2025-08-15 11:00:00-04:00,231.07000732421875,231.55499267578125,230.47000122070312,230.8699951171875,2644726
2025-08-15 11:30:00-04:00,231.02000427246094,231.4550018310547,230.6197052001953,231.02000427246094,2307031
2025-08-15 12:00:00-04:00,230.74000549316406,231.36000061035156,230.7301025390625,231.02000427246094,1650250
2025-08-15 12:30:00-04:00,230.91000366210938,231.0800018310547,230.47369384765625,230.74420166015625,2997273
2025-08-15 13:00:00-04:00,230.57000732421875,231.22500610351562,230.22999572753906,230.91000366210938,3140693
2025-08-15 13:30:00-04:00,230.88999938964844,230.91000366210938,230.49000549316406,230.55999755859375,1515755
2025-08-15 14:00:00-04:00,230.85000610351562,231.28990173339844,229.36000061035156,230.88499450683594,3019917
2025-08-15 14:30:00-04:00,230.7696990966797,230.97999572753906,230.47999572753906,230.86000061035156,3047291
2025-08-15 15:00:00-04:00,231.36000061035156,231.5,230.5904998779297,230.77000427246094,3123463
2025-08-15 15:30:00-04:00,231.64999389648438,231.77000427246094,231.02000427246094,231.3699951171875,4696096
2025-08-18 09:30:00-04:00,232.35000610351562,232.72999572753906,231.33999633789062,231.77999877929688,5111585
2025-08-18 10:00:00-04:00,230.66000366210938,233.1199951171875,230.61000061035156,232.35000610351562,4236945
2025-08-18 10:30:00-04:00,230.50999450683594,231.14999389648438,230.3699951171875,230.6199951171875,2764838
2025-08-18 11:00:00-04:00,230.86000061035156,231.22000122070312,230.47000122070312,230.53050231933594,1934703
2025-08-18 11:30:00-04:00,230.90499877929688,231.0399932861328,230.5,230.86500549316406,1669583
2025-08-18 12:00:00-04:00,230.67999267578125,231.10000610351562,230.65499877929688,230.89999389648438,1289448
2025-08-18 12:30:00-04:00,230.59500122070312,230.75999450683594,230.11000061035156,230.67999267578125,1681926
2025-08-18 13:00:00-04:00,231.07000732421875,231.14999389648438,230.67999267578125,230.69009399414062,1262911
2025-08-18 13:30:00-04:00,231.0800018310547,231.6699981689453,230.89999389648438,231.0800018310547,2128435
2025-08-18 14:00:00-04:00,231.14500427246094,231.3300018310547,230.94000244140625,231.08999633789062,1142056
2025-08-18 14:30:00-04:00,231.4600067138672,231.57000732421875,231.10000610351562,231.14999389648438,1180905
2025-08-18 15:00:00-04:00,231.22500610351562,231.6750030517578,231.16000366210938,231.47000122070312,1705545
2025-08-18 15:30:00-04:00,230.8800048828125,231.5500030517578,230.8800048828125,231.22000122070312,2842575
2025-08-19 09:30:00-04:00,232.07000732421875,232.2899932861328,230.58999633789062,231.27499389648438,4605932
2025-08-19 10:00:00-04:00,231.8300018310547,232.86500549316406,231.58999633789062,232.0399932861328,2984006
2025-08-19 10:30:00-04:00,230.86000061035156,232.27000427246094,230.7899932861328,231.82000732421875,3013163
2025-08-19 11:00:00-04:00,231.32260131835938,231.33999633789062,230.47000122070312,230.8800048828125,2318202
2025-08-19 11:30:00-04:00,231.39500427246094,231.66000366210938,231.13999938964844,231.32000732421875,1732972
2025-08-19 12:00:00-04:00,231.30990600585938,231.5399932861328,231.05499267578125,231.39120483398438,1584764
2025-08-19 12:30:00-04:00,230.71499633789062,231.3300018310547,230.6999969482422,231.27999877929688,1542418
2025-08-19 13:00:00-04:00,230.625,230.75,230.05999755859375,230.71499633789062,1783736
2025-08-19 13:30:00-04:00,230.7899932861328,230.89999389648438,230.55419921875,230.6199951171875,1101426
2025-08-19 14:00:00-04:00,230.0500030517578,230.7899932861328,229.8699951171875,230.7899932861328,2062448
2025-08-19 14:30:00-04:00,229.75,230.08999633789062,229.5800018310547,230.02499389648438,1687524
2025-08-19 15:00:00-04:00,230.18499755859375,230.19000244140625,229.35000610351562,229.75999450683594,1848335
2025-08-19 15:30:00-04:00,230.47659301757812,230.67999267578125,229.99000549316406,230.18499755859375,2889925
2025-08-20 09:30:00-04:00,227.30999755859375,230.4698944091797,226.5,229.97000122070312,6995136
2025-08-20 10:00:00-04:00,226.7200927734375,227.77999877929688,226.69500732421875,227.28500366210938,3659010
2025-08-20 10:30:00-04:00,226.57000732421875,227.04319763183594,226.22000122070312,226.74000549316406,2622003
2025-08-20 11:00:00-04:00,227.3350067138672,227.5500030517578,226.11000061035156,226.5399932861328,2233590
2025-08-20 11:30:00-04:00,226.55979919433594,227.3699951171875,226.41000366210938,227.3300018310547,1726511
2025-08-20 12:00:00-04:00,227.1345977783203,227.13999938964844,226.52490234375,226.5500030517578,1873468
2025-08-20 12:30:00-04:00,226.27000427246094,227.16000366210938,225.88999938964844,227.1300048828125,1726599
2025-08-20 13:00:00-04:00,226.2949981689453,226.85000610351562,226.14999389648438,226.26010131835938,1444969
2025-08-20 13:30:00-04:00,226.3800048828125,226.8300018310547,226.22999572753906,226.3000030517578,1214072
2025-08-20 14:00:00-04:00,225.99009704589844,226.5399932861328,225.77000427246094,226.3800048828125,1482939
2025-08-20 14:30:00-04:00,226.0800018310547,226.37869262695312,225.8699951171875,225.99000549316406,1152065
2025-08-20 15:00:00-04:00,226.44500732421875,226.72999572753906,225.99000549316406,226.10000610351562,2236622
2025-08-20 15:30:00-04:00,225.9600067138672,227.0,225.92999267578125,226.44000244140625,4504957
2025-08-21 09:30:00-04:00,225.1999969482422,226.52000427246094,224.67999267578125,226.27999877929688,4084124
2025-08-21 10:00:00-04:00,225.57989501953125,226.02000427246094,225.02000427246094,225.1999969482422,2161896
2025-08-21 10:30:00-04:00,225.2899932861328,225.5850067138672,225.10000610351562,225.5272979736328,1502368
2025-08-21 11:00:00-04:00,225.1300048828125,225.4801025390625,224.51010131835938,225.2899932861328,2125597
2025-08-21 11:30:00-04:00,225.25999450683594,225.83999633789062,225.11500549316406,225.13499450683594,1526170
2025-08-21 12:00:00-04:00,224.8300018310547,225.27499389648438,224.8000030517578,225.25999450683594,1230416
2025-08-21 12:30:00-04:00,224.61000061035156,225.00999450683594,224.5399932861328,224.8300018310547,1225236
2025-08-21 13:00:00-04:00,224.1750030517578,224.82000732421875,223.7803955078125,224.6199951171875,2102649
2025-08-21 13:30:00-04:00,224.55999755859375,224.77850341796875,224.16000366210938,224.17080688476562,1300091
2025-08-21 14:00:00-04:00,224.22999572753906,224.58999633789062,224.19000244140625,224.5500030517578,1128626
2025-08-21 14:30:00-04:00,224.50999450683594,224.58990478515625,224.0941925048828,224.22349548339844,1212623
2025-08-21 15:00:00-04:00,224.8800048828125,225.05499267578125,224.47999572753906,224.5,1491959
2025-08-21 15:30:00-04:00,224.91000366210938,225.25,224.38839721679688,224.89999389648438,3977376
2025-08-22 09:30:00-04:00,225.97999572753906,226.98550415039062,225.41000366210938,226.4499969482422,3880418
2025-08-22 10:00:00-04:00,227.9499969482422,228.19000244140625,225.97000122070312,225.97000122070312,4360580
2025-08-22 10:30:00-04:00,228.22500610351562,228.6699981689453,227.8000030517578,227.97000122070312,3290667
2025-08-22 11:00:00-04:00,228.05999755859375,228.72000122070312,228.00929260253906,228.22000122070312,1942460
2025-08-22 11:30:00-04:00,227.35499572753906,228.43499755859375,227.30999755859375,228.0399932861328,1599339
2025-08-22 12:00:00-04:00,227.16929626464844,227.43280029296875,226.9250030517578,227.35000610351562,1577402
2025-08-22 12:30:00-04:00,227.24000549316406,227.47999572753906,227.07000732421875,227.1699981689453,1049355
2025-08-22 13:00:00-04:00,228.61000061035156,229.08999633789062,227.1649932861328,227.22999572753906,3898022
2025-08-22 13:30:00-04:00,227.88499450683594,228.6273956298828,227.77999877929688,228.6273956298828,1680822
2025-08-22 14:00:00-04:00,227.8699951171875,228.4949951171875,227.7899932861328,227.89999389648438,2972799
2025-08-22 14:30:00-04:00,228.1999969482422,228.51980590820312,227.8249969482422,227.8800048828125,2561372
2025-08-22 15:00:00-04:00,227.85000610351562,228.375,227.78500366210938,228.1999969482422,1490148
2025-08-22 15:30:00-04:00,227.75,228.30999755859375,227.44000244140625,227.83999633789062,4139072
